record_id,track,race_number,race_name,track_condition,runner_number,runner_name,barrier,jockey,trainer,w_ir,source_file,source_file_modified_at,imported_at,created_at,updated_at,last_source_file,last_source_category,race_id,grade,no,horse_name,name,source
rid_2aec8f518625a1d3,Kembla Grange,1,12:05 pm Greenway Turf Solutions 2yo Maiden Plate,Good,1,Alpha Sort,10,Zac Wadick,Ross McConville,,kembla_grange_2026-07-16_master.csv,2026-07-15T23:55:53.120091+00:00,2026-07-15T23:56:26.580188+00:00,2026-07-15T23:56:26.580188+00:00,2026-07-15T23:56:26.580188+00:00,kembla_grange_2026-07-16_master.csv,generic,R1,Maiden,1,Alpha Sort,Alpha Sort,racenet
rid_26f9602fa5c417e3,Kembla Grange,1,12:05 pm Greenway Turf Solutions 2yo Maiden Plate,Good,2,Jammed,12,Jay Ford,Graham Brown,,kembla_grange_2026-07-16_master.csv,2026-07-15T23:55:53.120091+00:00,2026-07-15T23:56:26.580188+00:00,2026-07-15T23:56:26.580188+00:00,2026-07-15T23:56:26.580188+00:00,kembla_grange_2026-07-16_master.csv,generic,R1,Maiden,2,Jammed,Jammed,racenet
rid_4bff5e5f0e6ca000,Kembla Grange,1,12:05 pm Greenway Turf Solutions 2yo Maiden Plate,Good,3,Saturday Party,13,Chad Schofield,"Michael, John & Wayne Hawkes",,kembla_grange_2026-07-16_master.csv,2026-07-15T23:55:53.120091+00:00,2026-07-15T23:56:26.580188+00:00,2026-07-15T23:56:26.580188+00:00,2026-07-15T23:56:26.580188+00:00,kembla_grange_2026-07-16_master.csv,generic,R1,Maiden,3,Saturday Party,Saturday Party,racenet
rid_4209be2f4e750de5,Kembla Grange,1,12:05 pm Greenway Turf Solutions 2yo Maiden Plate,Good,4,Union,6,Zac Lloyd,Peter Snowden,4.3,kembla_grange_2026-07-16_master.csv,2026-07-15T23:55:53.120091+00:00,2026-07-15T23:56:26.580188+00:00,2026-07-15T23:56:26.580188+00:00,2026-07-15T23:56:26.580188+00:00,kembla_grange_2026-07-16_master.csv,generic,R1,Maiden,4,Union,Union,racenet
rid_e47152403bff8107,Kembla Grange,1,12:05 pm Greenway Turf Solutions 2yo Maiden Plate,Good,5,Viva Macaco,3,Chad Schofield,Brad Widdup,,kembla_grange_2026-07-16_master.csv,2026-07-15T23:55:53.120091+00:00,2026-07-15T23:56:26.580188+00:00,2026-07-15T23:56:26.580188+00:00,2026-07-15T23:56:26.580188+00:00,kembla_grange_2026-07-16_master.csv,generic,R1,Maiden,5,Viva Macaco,Viva Macaco,racenet
rid_2ba02d58de49088a,Kembla Grange,1,12:05 pm Greenway Turf Solutions 2yo Maiden Plate,Good,6,Zensen,1,Rory Hutchings,Gary Portelli,7.3,kembla_grange_2026-07-16_master.csv,2026-07-15T23:55:53.120091+00:00,2026-07-15T23:56:26.580188+00:00,2026-07-15T23:56:26.580188+00:00,2026-07-15T23:56:26.580188+00:00,kembla_grange_2026-07-16_master.csv,generic,R1,Maiden,6,Zensen,Zensen,racenet
rid_1df6c281c969f1c2,Kembla Grange,1,12:05 pm Greenway Turf Solutions 2yo Maiden Plate,Good,7,Andarna,7,Tommy Berry (a1),Robert & Luke Price,5.0,kembla_grange_2026-07-16_master.csv,2026-07-15T23:55:53.120091+00:00,2026-07-15T23:56:26.580188+00:00,2026-07-15T23:56:26.580188+00:00,2026-07-15T23:56:26.580188+00:00,kembla_grange_2026-07-16_master.csv,generic,R1,Maiden,7,Andarna,Andarna,racenet
rid_a7884452169bac7b,Kembla Grange,1,12:05 pm Greenway Turf Solutions 2yo Maiden Plate,Good,8,Bascilica Babe,8,Andrew Adkins,Sara Ryan,,kembla_grange_2026-07-16_master.csv,2026-07-15T23:55:53.120091+00:00,2026-07-15T23:56:26.580188+00:00,2026-07-15T23:56:26.580188+00:00,2026-07-15T23:56:26.580188+00:00,kembla_grange_2026-07-16_master.csv,generic,R1,Maiden,8,Bascilica Babe,Bascilica Babe,racenet
rid_1ca257643eba6fa6,Kembla Grange,1,12:05 pm Greenway Turf Solutions 2yo Maiden Plate,Good,9,Cyclone Jaz,14,Jeff Penza,Mitchell & Desiree Kearney,3.0,kembla_grange_2026-07-16_master.csv,2026-07-15T23:55:53.120091+00:00,2026-07-15T23:56:26.580188+00:00,2026-07-15T23:56:26.580188+00:00,2026-07-15T23:56:26.580188+00:00,kembla_grange_2026-07-16_master.csv,generic,R1,Maiden,9,Cyclone Jaz,Cyclone Jaz,racenet
rid_458bf9ab80e13090,Kembla Grange,1,12:05 pm Greenway Turf Solutions 2yo Maiden Plate,Good,10,Hammertime,4,Keagan Latham (a0.5),Michael Freedman,7.0,kembla_grange_2026-07-16_master.csv,2026-07-15T23:55:53.120091+00:00,2026-07-15T23:56:26.580188+00:00,2026-07-15T23:56:26.580188+00:00,2026-07-15T23:56:26.580188+00:00,kembla_grange_2026-07-16_master.csv,generic,R1,Maiden,10,Hammertime,Hammertime,racenet
rid_900d220cb34c6c86,Kembla Grange,1,12:05 pm Greenway Turf Solutions 2yo Maiden Plate,Good,11,Hearts Affair,2,Regan Bayliss,Gai Waterhouse & Adrian Bott,9.0,kembla_grange_2026-07-16_master.csv,2026-07-15T23:55:53.120091+00:00,2026-07-15T23:56:26.580188+00:00,2026-07-15T23:56:26.580188+00:00,2026-07-15T23:56:26.580188+00:00,kembla_grange_2026-07-16_master.csv,generic,R1,Maiden,11,Hearts Affair,Hearts Affair,racenet
rid_0699ff6bf8c1d9bd,Kembla Grange,1,12:05 pm Greenway Turf Solutions 2yo Maiden Plate,Good,12,Monte Shell,5,Grant Buckley,Robert & Luke Price,1.0,kembla_grange_2026-07-16_master.csv,2026-07-15T23:55:53.120091+00:00,2026-07-15T23:56:26.580188+00:00,2026-07-15T23:56:26.580188+00:00,2026-07-15T23:56:26.580188+00:00,kembla_grange_2026-07-16_master.csv,generic,R1,Maiden,12,Monte Shell,Monte Shell,racenet
rid_6b7764737ef54494,Kembla Grange,1,12:05 pm Greenway Turf Solutions 2yo Maiden Plate,Good,13,Who's Cooking,9,Louise Day,Paul Murray,,kembla_grange_2026-07-16_master.csv,2026-07-15T23:55:53.120091+00:00,2026-07-15T23:56:26.580188+00:00,2026-07-15T23:56:26.580188+00:00,2026-07-15T23:56:26.580188+00:00,kembla_grange_2026-07-16_master.csv,generic,R1,Maiden,13,Who's Cooking,Who's Cooking,racenet
rid_e00daafba6bd5f6b,Kembla Grange,1,12:05 pm Greenway Turf Solutions 2yo Maiden Plate,Good,14,Yankallila Bronc,11,Andrew Adkins,Peter Snowden,,kembla_grange_2026-07-16_master.csv,2026-07-15T23:55:53.120091+00:00,2026-07-15T23:56:26.580188+00:00,2026-07-15T23:56:26.580188+00:00,2026-07-15T23:56:26.580188+00:00,kembla_grange_2026-07-16_master.csv,generic,R1,Maiden,14,Yankallila Bronc,Yankallila Bronc,racenet
rid_014e7c2bb8663162,Kembla Grange,2,12:40 pm Collappor8 Accounting Maiden Handicap,Good,1,Peace Bird,8,Louise Day,Ciaron Maher,,kembla_grange_2026-07-16_master.csv,2026-07-15T23:55:53.120091+00:00,2026-07-15T23:56:26.580188+00:00,2026-07-15T23:56:26.580188+00:00,2026-07-15T23:56:26.580188+00:00,kembla_grange_2026-07-16_master.csv,generic,R2,Maiden,1,Peace Bird,Peace Bird,racenet
rid_cd08937371d16ca5,Kembla Grange,2,12:40 pm Collappor8 Accounting Maiden Handicap,Good,2,Creator Of World,12,Chad Schofield (a0.5),Ross McConville,,kembla_grange_2026-07-16_master.csv,2026-07-15T23:55:53.120091+00:00,2026-07-15T23:56:26.580188+00:00,2026-07-15T23:56:26.580188+00:00,2026-07-15T23:56:26.580188+00:00,kembla_grange_2026-07-16_master.csv,generic,R2,Maiden,2,Creator Of World,Creator Of World,racenet
rid_ab9ed44acbf53f20,Kembla Grange,2,12:40 pm Collappor8 Accounting Maiden Handicap,Good,3,Rapid Revenue,10,Tommy Berry,Bjorn Baker,10.0,kembla_grange_2026-07-16_master.csv,2026-07-15T23:55:53.120091+00:00,2026-07-15T23:56:26.580188+00:00,2026-07-15T23:56:26.580188+00:00,2026-07-15T23:56:26.580188+00:00,kembla_grange_2026-07-16_master.csv,generic,R2,Maiden,3,Rapid Revenue,Rapid Revenue,racenet
rid_b384cc8bcda09632,Kembla Grange,2,12:40 pm Collappor8 Accounting Maiden Handicap,Good,4,Glissando,4,Siena Grima (a-2),Chris Waller,7.0,kembla_grange_2026-07-16_master.csv,2026-07-15T23:55:53.120091+00:00,2026-07-15T23:56:26.580188+00:00,2026-07-15T23:56:26.580188+00:00,2026-07-15T23:56:26.580188+00:00,kembla_grange_2026-07-16_master.csv,generic,R2,Maiden,4,Glissando,Glissando,racenet
rid_aa766b8c891831a0,Kembla Grange,2,12:40 pm Collappor8 Accounting Maiden Handicap,Good,5,Heart Reset,6,Brock Ryan,Robert & Luke Price,10.1,kembla_grange_2026-07-16_master.csv,2026-07-15T23:55:53.120091+00:00,2026-07-15T23:56:26.580188+00:00,2026-07-15T23:56:26.580188+00:00,2026-07-15T23:56:26.580188+00:00,kembla_grange_2026-07-16_master.csv,generic,R2,Maiden,5,Heart Reset,Heart Reset,racenet
rid_c79fec93523ef374,Kembla Grange,2,12:40 pm Collappor8 Accounting Maiden Handicap,Good,6,Swift Delivery,7,Zac Lloyd,David Pfieffer,,kembla_grange_2026-07-16_master.csv,2026-07-15T23:55:53.120091+00:00,2026-07-15T23:56:26.580188+00:00,2026-07-15T23:56:26.580188+00:00,2026-07-15T23:56:26.580188+00:00,kembla_grange_2026-07-16_master.csv,generic,R2,Maiden,6,Swift Delivery,Swift Delivery,racenet
rid_df472fae99cf1113,Kembla Grange,2,12:40 pm Collappor8 Accounting Maiden Handicap,Good,7,Divine Heights,3,Olivia Chambers (a-2),David Payne,,kembla_grange_2026-07-16_master.csv,2026-07-15T23:55:53.120091+00:00,2026-07-15T23:56:26.580188+00:00,2026-07-15T23:56:26.580188+00:00,2026-07-15T23:56:26.580188+00:00,kembla_grange_2026-07-16_master.csv,generic,R2,Maiden,7,Divine Heights,Divine Heights,racenet
rid_9120893ec540725d,Kembla Grange,2,12:40 pm Collappor8 Accounting Maiden Handicap,Good,8,Last Tour,1,Jessica Taylor,Brad Widdup,,kembla_grange_2026-07-16_master.csv,2026-07-15T23:55:53.120091+00:00,2026-07-15T23:56:26.580188+00:00,2026-07-15T23:56:26.580188+00:00,2026-07-15T23:56:26.580188+00:00,kembla_grange_2026-07-16_master.csv,generic,R2,Maiden,8,Last Tour,Last Tour,racenet
rid_8db654a8dcacd61c,Kembla Grange,2,12:40 pm Collappor8 Accounting Maiden Handicap,Good,9,Nambi Ghima,2,Jessica Taylor,Jason Coyle,,kembla_grange_2026-07-16_master.csv,2026-07-15T23:55:53.120091+00:00,2026-07-15T23:56:26.580188+00:00,2026-07-15T23:56:26.580188+00:00,2026-07-15T23:56:26.580188+00:00,kembla_grange_2026-07-16_master.csv,generic,R2,Maiden,9,Nambi Ghima,Nambi Ghima,racenet
rid_03d9825eed440efc,Kembla Grange,2,12:40 pm Collappor8 Accounting Maiden Handicap,Good,10,Powerful Majik,11,Ellen Hennessy,Diane Poidevin Laine,3.3,kembla_grange_2026-07-16_master.csv,2026-07-15T23:55:53.120091+00:00,2026-07-15T23:56:26.580188+00:00,2026-07-15T23:56:26.580188+00:00,2026-07-15T23:56:26.580188+00:00,kembla_grange_2026-07-16_master.csv,generic,R2,Maiden,10,Powerful Majik,Powerful Majik,racenet
rid_8bfc5ae7c6ec75d7,Kembla Grange,2,12:40 pm Collappor8 Accounting Maiden Handicap,Good,11,Quadria,5,Grant Buckley,Paul & Martha Cave,2.5,kembla_grange_2026-07-16_master.csv,2026-07-15T23:55:53.120091+00:00,2026-07-15T23:56:26.580188+00:00,2026-07-15T23:56:26.580188+00:00,2026-07-15T23:56:26.580188+00:00,kembla_grange_2026-07-16_master.csv,generic,R2,Maiden,11,Quadria,Quadria,racenet
rid_e9617b843d21730e,Kembla Grange,2,12:40 pm Collappor8 Accounting Maiden Handicap,Good,12,Yana,9,Molly Bourke,John Sargent,,kembla_grange_2026-07-16_master.csv,2026-07-15T23:55:53.120091+00:00,2026-07-15T23:56:26.580188+00:00,2026-07-15T23:56:26.580188+00:00,2026-07-15T23:56:26.580188+00:00,kembla_grange_2026-07-16_master.csv,generic,R2,Maiden,12,Yana,Yana,racenet
rid_6afdb4200ef27f07,Kembla Grange,3,1:15 pm Mmj Wollongong Super Maiden Plate,Good,1,Blazing Statement,6,Grant Buckley,Nikki Hodgson,,kembla_grange_2026-07-16_master.csv,2026-07-15T23:55:53.120091+00:00,2026-07-15T23:56:26.580188+00:00,2026-07-15T23:56:26.580188+00:00,2026-07-15T23:56:26.580188+00:00,kembla_grange_2026-07-16_master.csv,generic,R3,Maiden,1,Blazing Statement,Blazing Statement,racenet
rid_cec1cadbb0147cad,Kembla Grange,3,1:15 pm Mmj Wollongong Super Maiden Plate,Good,2,Clanwilliam,1,Chad Schofield,David Payne,5.5,kembla_grange_2026-07-16_master.csv,2026-07-15T23:55:53.120091+00:00,2026-07-15T23:56:26.580188+00:00,2026-07-15T23:56:26.580188+00:00,2026-07-15T23:56:26.580188+00:00,kembla_grange_2026-07-16_master.csv,generic,R3,Maiden,2,Clanwilliam,Clanwilliam,racenet
rid_8eb700220df9e8c4,Kembla Grange,3,1:15 pm Mmj Wollongong Super Maiden Plate,Good,3,Copartner Pegasus,5,Keagan Latham,Stephen O'Halloran,3.2,kembla_grange_2026-07-16_master.csv,2026-07-15T23:55:53.120091+00:00,2026-07-15T23:56:26.580188+00:00,2026-07-15T23:56:26.580188+00:00,2026-07-15T23:56:26.580188+00:00,kembla_grange_2026-07-16_master.csv,generic,R3,Maiden,3,Copartner Pegasus,Copartner Pegasus,racenet
rid_c991cba4e0dda2f4,Kembla Grange,3,1:15 pm Mmj Wollongong Super Maiden Plate,Good,4,Courting Emily,8,Zac Lloyd,Matthew Smith,5.9,kembla_grange_2026-07-16_master.csv,2026-07-15T23:55:53.120091+00:00,2026-07-15T23:56:26.580188+00:00,2026-07-15T23:56:26.580188+00:00,2026-07-15T23:56:26.580188+00:00,kembla_grange_2026-07-16_master.csv,generic,R3,Maiden,4,Courting Emily,Courting Emily,racenet
rid_917dc738bc069d18,Kembla Grange,3,1:15 pm Mmj Wollongong Super Maiden Plate,Good,5,Equinox Legend,3,Andrew Adkins,Les Bridge,7.9,kembla_grange_2026-07-16_master.csv,2026-07-15T23:55:53.120091+00:00,2026-07-15T23:56:26.580188+00:00,2026-07-15T23:56:26.580188+00:00,2026-07-15T23:56:26.580188+00:00,kembla_grange_2026-07-16_master.csv,generic,R3,Maiden,5,Equinox Legend,Equinox Legend,racenet
rid_ab9c580480b92983,Kembla Grange,3,1:15 pm Mmj Wollongong Super Maiden Plate,Good,6,Heeza Steve,10,,Mitchell & Desiree Kearney,,kembla_grange_2026-07-16_master.csv,2026-07-15T23:55:53.120091+00:00,2026-07-15T23:56:26.580188+00:00,2026-07-15T23:56:26.580188+00:00,2026-07-15T23:56:26.580188+00:00,kembla_grange_2026-07-16_master.csv,generic,R3,Maiden,6,Heeza Steve,Heeza Steve,racenet
rid_8ca196570c202d6c,Kembla Grange,3,1:15 pm Mmj Wollongong Super Maiden Plate,Good,7,Leon Ruben,11,Ellen Hennessy,Diane Poidevin Laine,7.4,kembla_grange_2026-07-16_master.csv,2026-07-15T23:55:53.120091+00:00,2026-07-15T23:56:26.580188+00:00,2026-07-15T23:56:26.580188+00:00,2026-07-15T23:56:26.580188+00:00,kembla_grange_2026-07-16_master.csv,generic,R3,Maiden,7,Leon Ruben,Leon Ruben,racenet
rid_d131e0e88b1c6971,Kembla Grange,3,1:15 pm Mmj Wollongong Super Maiden Plate,Good,8,Tupelo Twist,2,Jessica Taylor,Theresa Bateup,4.3,kembla_grange_2026-07-16_master.csv,2026-07-15T23:55:53.120091+00:00,2026-07-15T23:56:26.580188+00:00,2026-07-15T23:56:26.580188+00:00,2026-07-15T23:56:26.580188+00:00,kembla_grange_2026-07-16_master.csv,generic,R3,Maiden,8,Tupelo Twist,Tupelo Twist,racenet
rid_3dca702e873bda14,Kembla Grange,3,1:15 pm Mmj Wollongong Super Maiden Plate,Good,9,Gemtiki,9,Siena Grima (a-2),Shaun Harvey,7.2,kembla_grange_2026-07-16_master.csv,2026-07-15T23:55:53.120091+00:00,2026-07-15T23:56:26.580188+00:00,2026-07-15T23:56:26.580188+00:00,2026-07-15T23:56:26.580188+00:00,kembla_grange_2026-07-16_master.csv,generic,R3,Maiden,9,Gemtiki,Gemtiki,racenet
rid_e434f0b84c4fa128,Kembla Grange,3,1:15 pm Mmj Wollongong Super Maiden Plate,Good,10,Liyah's Girl,4,Jett Newman (a-2),Matthew Smith,4.2,kembla_grange_2026-07-16_master.csv,2026-07-15T23:55:53.120091+00:00,2026-07-15T23:56:26.580188+00:00,2026-07-15T23:56:26.580188+00:00,2026-07-15T23:56:26.580188+00:00,kembla_grange_2026-07-16_master.csv,generic,R3,Maiden,10,Liyah's Girl,Liyah's Girl,racenet
rid_b2f6f0ef5b07bf52,Kembla Grange,3,1:15 pm Mmj Wollongong Super Maiden Plate,Good,11,Wee Winn,7,Mitch Stapleford (a-1.5),Peter Snowden,7.6,kembla_grange_2026-07-16_master.csv,2026-07-15T23:55:53.120091+00:00,2026-07-15T23:56:26.580188+00:00,2026-07-15T23:56:26.580188+00:00,2026-07-15T23:56:26.580188+00:00,kembla_grange_2026-07-16_master.csv,generic,R3,Maiden,11,Wee Winn,Wee Winn,racenet
rid_0f3a0329bef759a8,Kembla Grange,4,1:55 pm Tbc Distribution Midway 3yo Maiden Handicap,Good,1,Bankrupt,11,Jeff Penza,Lee & Cherie Curtis,,kembla_grange_2026-07-16_master.csv,2026-07-15T23:55:53.120091+00:00,2026-07-15T23:56:26.580188+00:00,2026-07-15T23:56:26.580188+00:00,2026-07-15T23:56:26.580188+00:00,kembla_grange_2026-07-16_master.csv,generic,R4,Maiden,1,Bankrupt,Bankrupt,racenet
rid_45526882185dc47c,Kembla Grange,4,1:55 pm Tbc Distribution Midway 3yo Maiden Handicap,Good,2,Coral Cove,3,Jessica Taylor,Theresa Bateup,,kembla_grange_2026-07-16_master.csv,2026-07-15T23:55:53.120091+00:00,2026-07-15T23:56:26.580188+00:00,2026-07-15T23:56:26.580188+00:00,2026-07-15T23:56:26.580188+00:00,kembla_grange_2026-07-16_master.csv,generic,R4,Maiden,2,Coral Cove,Coral Cove,racenet
rid_a7da4cfd3a9d9824,Kembla Grange,4,1:55 pm Tbc Distribution Midway 3yo Maiden Handicap,Good,3,Pariah Time,7,Dylan Gibbons,Mitchell Beer & George Carpenter,3.5,kembla_grange_2026-07-16_master.csv,2026-07-15T23:55:53.120091+00:00,2026-07-15T23:56:26.580188+00:00,2026-07-15T23:56:26.580188+00:00,2026-07-15T23:56:26.580188+00:00,kembla_grange_2026-07-16_master.csv,generic,R4,Maiden,3,Pariah Time,Pariah Time,racenet
rid_06bd27b5be5de35b,Kembla Grange,4,1:55 pm Tbc Distribution Midway 3yo Maiden Handicap,Good,4,Santarno,6,Tommy Berry,Robert & Luke Price,,kembla_grange_2026-07-16_master.csv,2026-07-15T23:55:53.120091+00:00,2026-07-15T23:56:26.580188+00:00,2026-07-15T23:56:26.580188+00:00,2026-07-15T23:56:26.580188+00:00,kembla_grange_2026-07-16_master.csv,generic,R4,Maiden,4,Santarno,Santarno,racenet
rid_6c16b5b24e5f0476,Kembla Grange,4,1:55 pm Tbc Distribution Midway 3yo Maiden Handicap,Good,5,Stakeholder,13,Rory Hutchings,Tracey Bartley,2.0,kembla_grange_2026-07-16_master.csv,2026-07-15T23:55:53.120091+00:00,2026-07-15T23:56:26.580188+00:00,2026-07-15T23:56:26.580188+00:00,2026-07-15T23:56:26.580188+00:00,kembla_grange_2026-07-16_master.csv,generic,R4,Maiden,5,Stakeholder,Stakeholder,racenet
rid_bb620ec69f3653d2,Kembla Grange,4,1:55 pm Tbc Distribution Midway 3yo Maiden Handicap,Good,6,Wildstone Nature,4,Molly Bourke,Theresa Bateup,,kembla_grange_2026-07-16_master.csv,2026-07-15T23:55:53.120091+00:00,2026-07-15T23:56:26.580188+00:00,2026-07-15T23:56:26.580188+00:00,2026-07-15T23:56:26.580188+00:00,kembla_grange_2026-07-16_master.csv,generic,R4,Maiden,6,Wildstone Nature,Wildstone Nature,racenet
rid_edbbaba619b545bf,Kembla Grange,4,1:55 pm Tbc Distribution Midway 3yo Maiden Handicap,Good,7,Creator Of World,12,Zac Lloyd,Ross McConville,5.2,kembla_grange_2026-07-16_master.csv,2026-07-15T23:55:53.120091+00:00,2026-07-15T23:56:26.580188+00:00,2026-07-15T23:56:26.580188+00:00,2026-07-15T23:56:26.580188+00:00,kembla_grange_2026-07-16_master.csv,generic,R4,Maiden,7,Creator Of World,Creator Of World,racenet
rid_9f2b0e7871133a7c,Kembla Grange,4,1:55 pm Tbc Distribution Midway 3yo Maiden Handicap,Good,8,Written Doll,8,Jay Ford,David Pfieffer,5.0,kembla_grange_2026-07-16_master.csv,2026-07-15T23:55:53.120091+00:00,2026-07-15T23:56:26.580188+00:00,2026-07-15T23:56:26.580188+00:00,2026-07-15T23:56:26.580188+00:00,kembla_grange_2026-07-16_master.csv,generic,R4,Maiden,8,Written Doll,Written Doll,racenet
rid_7014019dc0fc5508,Kembla Grange,4,1:55 pm Tbc Distribution Midway 3yo Maiden Handicap,Good,9,The Agent,1,Winona Costin,Amanda Turner,4.0,kembla_grange_2026-07-16_master.csv,2026-07-15T23:55:53.120091+00:00,2026-07-15T23:56:26.580188+00:00,2026-07-15T23:56:26.580188+00:00,2026-07-15T23:56:26.580188+00:00,kembla_grange_2026-07-16_master.csv,generic,R4,Maiden,9,The Agent,The Agent,racenet
rid_d9ace85acff4c6e1,Kembla Grange,4,1:55 pm Tbc Distribution Midway 3yo Maiden Handicap,Good,10,Enchanted Rose,5,Brock Ryan,Kerry Parker,,kembla_grange_2026-07-16_master.csv,2026-07-15T23:55:53.120091+00:00,2026-07-15T23:56:26.580188+00:00,2026-07-15T23:56:26.580188+00:00,2026-07-15T23:56:26.580188+00:00,kembla_grange_2026-07-16_master.csv,generic,R4,Maiden,10,Enchanted Rose,Enchanted Rose,racenet
rid_289255285acd4907,Kembla Grange,4,1:55 pm Tbc Distribution Midway 3yo Maiden Handicap,Good,11,Pacific Palisades,9,Regan Bayliss,David Pfieffer,,kembla_grange_2026-07-16_master.csv,2026-07-15T23:55:53.120091+00:00,2026-07-15T23:56:26.580188+00:00,2026-07-15T23:56:26.580188+00:00,2026-07-15T23:56:26.580188+00:00,kembla_grange_2026-07-16_master.csv,generic,R4,Maiden,11,Pacific Palisades,Pacific Palisades,racenet
rid_3b6ddc33844ff126,Kembla Grange,4,1:55 pm Tbc Distribution Midway 3yo Maiden Handicap,Good,12,Celestial Grace,10,Siena Grima (a-2),Gary Portelli,4.7,kembla_grange_2026-07-16_master.csv,2026-07-15T23:55:53.120091+00:00,2026-07-15T23:56:26.580188+00:00,2026-07-15T23:56:26.580188+00:00,2026-07-15T23:56:26.580188+00:00,kembla_grange_2026-07-16_master.csv,generic,R4,Maiden,12,Celestial Grace,Celestial Grace,racenet
rid_4d720d09a2e2929a,Kembla Grange,4,1:55 pm Tbc Distribution Midway 3yo Maiden Handicap,Good,13,Quadria,2,,Paul & Martha Cave,,kembla_grange_2026-07-16_master.csv,2026-07-15T23:55:53.120091+00:00,2026-07-15T23:56:26.580188+00:00,2026-07-15T23:56:26.580188+00:00,2026-07-15T23:56:26.580188+00:00,kembla_grange_2026-07-16_master.csv,generic,R4,Maiden,13,Quadria,Quadria,racenet
rid_d4588341580af6e6,Kembla Grange,5,2:35 pm Black Aly Window Tinting Class 1 Handicap,Good,1,Onmalone,3,Andrew Adkins,Gerald Ryan & Sterling Alexiou,3.2,kembla_grange_2026-07-16_master.csv,2026-07-15T23:55:53.120091+00:00,2026-07-15T23:56:26.580188+00:00,2026-07-15T23:56:26.580188+00:00,2026-07-15T23:56:26.580188+00:00,kembla_grange_2026-07-16_master.csv,generic,R5,Class 1,1,Onmalone,Onmalone,racenet
rid_4049e22d13c4f3e6,Kembla Grange,5,2:35 pm Black Aly Window Tinting Class 1 Handicap,Good,2,Skirmish,10,Jay Ford,Kerry Parker,5.7,kembla_grange_2026-07-16_master.csv,2026-07-15T23:55:53.120091+00:00,2026-07-15T23:56:26.580188+00:00,2026-07-15T23:56:26.580188+00:00,2026-07-15T23:56:26.580188+00:00,kembla_grange_2026-07-16_master.csv,generic,R5,Class 1,2,Skirmish,Skirmish,racenet
rid_2126241228ae6539,Kembla Grange,5,2:35 pm Black Aly Window Tinting Class 1 Handicap,Good,3,Cuesta,4,Zac Lloyd,Bjorn Baker,4.6,kembla_grange_2026-07-16_master.csv,2026-07-15T23:55:53.120091+00:00,2026-07-15T23:56:26.580188+00:00,2026-07-15T23:56:26.580188+00:00,2026-07-15T23:56:26.580188+00:00,kembla_grange_2026-07-16_master.csv,generic,R5,Class 1,3,Cuesta,Cuesta,racenet
rid_1878f69e3ddd7493,Kembla Grange,5,2:35 pm Black Aly Window Tinting Class 1 Handicap,Good,4,Tsarevich,6,Molly Bourke,John Sargent,6.5,kembla_grange_2026-07-16_master.csv,2026-07-15T23:55:53.120091+00:00,2026-07-15T23:56:26.580188+00:00,2026-07-15T23:56:26.580188+00:00,2026-07-15T23:56:26.580188+00:00,kembla_grange_2026-07-16_master.csv,generic,R5,Class 1,4,Tsarevich,Tsarevich,racenet
rid_3310e34cb3d2dab6,Kembla Grange,5,2:35 pm Black Aly Window Tinting Class 1 Handicap,Good,5,Call Me Sassy,8,Tommy Berry,David Pfieffer,5.9,kembla_grange_2026-07-16_master.csv,2026-07-15T23:55:53.120091+00:00,2026-07-15T23:56:26.580188+00:00,2026-07-15T23:56:26.580188+00:00,2026-07-15T23:56:26.580188+00:00,kembla_grange_2026-07-16_master.csv,generic,R5,Class 1,5,Call Me Sassy,Call Me Sassy,racenet
rid_b61e3312583c1dfc,Kembla Grange,5,2:35 pm Black Aly Window Tinting Class 1 Handicap,Good,6,Rose Of Fenway,5,Dylan Gibbons,Mitchell Beer & George Carpenter,1.7,kembla_grange_2026-07-16_master.csv,2026-07-15T23:55:53.120091+00:00,2026-07-15T23:56:26.580188+00:00,2026-07-15T23:56:26.580188+00:00,2026-07-15T23:56:26.580188+00:00,kembla_grange_2026-07-16_master.csv,generic,R5,Class 1,6,Rose Of Fenway,Rose Of Fenway,racenet
rid_43eed50717755362,Kembla Grange,5,2:35 pm Black Aly Window Tinting Class 1 Handicap,Good,7,Sir Tua,2,Chad Schofield,Richard & Will Freedman,5.6,kembla_grange_2026-07-16_master.csv,2026-07-15T23:55:53.120091+00:00,2026-07-15T23:56:26.580188+00:00,2026-07-15T23:56:26.580188+00:00,2026-07-15T23:56:26.580188+00:00,kembla_grange_2026-07-16_master.csv,generic,R5,Class 1,7,Sir Tua,Sir Tua,racenet
rid_4b8c745c428d0cfa,Kembla Grange,5,2:35 pm Black Aly Window Tinting Class 1 Handicap,Good,8,De Joker,7,Pierre Boudvillain,Angus Stewart,,kembla_grange_2026-07-16_master.csv,2026-07-15T23:55:53.120091+00:00,2026-07-15T23:56:26.580188+00:00,2026-07-15T23:56:26.580188+00:00,2026-07-15T23:56:26.580188+00:00,kembla_grange_2026-07-16_master.csv,generic,R5,Class 1,8,De Joker,De Joker,racenet
rid_c8d7efb943b5f607,Kembla Grange,5,2:35 pm Black Aly Window Tinting Class 1 Handicap,Good,9,Royaltown,9,Pierre Boudvillain,Luke Pepper,,kembla_grange_2026-07-16_master.csv,2026-07-15T23:55:53.120091+00:00,2026-07-15T23:56:26.580188+00:00,2026-07-15T23:56:26.580188+00:00,2026-07-15T23:56:26.580188+00:00,kembla_grange_2026-07-16_master.csv,generic,R5,Class 1,9,Royaltown,Royaltown,racenet
rid_f3a7c2298bad2c28,Kembla Grange,5,2:35 pm Black Aly Window Tinting Class 1 Handicap,Good,10,Excuseme Mrofficer,1,Robyn Freeman,Ross McConville,6.1,kembla_grange_2026-07-16_master.csv,2026-07-15T23:55:53.120091+00:00,2026-07-15T23:56:26.580188+00:00,2026-07-15T23:56:26.580188+00:00,2026-07-15T23:56:26.580188+00:00,kembla_grange_2026-07-16_master.csv,generic,R5,Class 1,10,Excuseme Mrofficer,Excuseme Mrofficer,racenet
rid_c40355516821262f,Kembla Grange,6,3:10 pm Site Drop Class 1 Handicap,Good,1,Aethelwulf,9,Zac Lloyd,Matthew Smith,5.7,kembla_grange_2026-07-16_master.csv,2026-07-15T23:55:53.120091+00:00,2026-07-15T23:56:26.580188+00:00,2026-07-15T23:56:26.580188+00:00,2026-07-15T23:56:26.580188+00:00,kembla_grange_2026-07-16_master.csv,generic,R6,Class 1,1,Aethelwulf,Aethelwulf,racenet
rid_3ae56ae536446af1,Kembla Grange,6,3:10 pm Site Drop Class 1 Handicap,Good,2,Cheval De Bois,5,Braith Nock,Annabel & Rob Archibald,,kembla_grange_2026-07-16_master.csv,2026-07-15T23:55:53.120091+00:00,2026-07-15T23:56:26.580188+00:00,2026-07-15T23:56:26.580188+00:00,2026-07-15T23:56:26.580188+00:00,kembla_grange_2026-07-16_master.csv,generic,R6,Class 1,2,Cheval De Bois,Cheval De Bois,racenet
rid_8332aa4d724cec5e,Kembla Grange,6,3:10 pm Site Drop Class 1 Handicap,Good,3,Yachiyo,2,Andrew Adkins,Mick Price & Michael Kent Jnr,4.2,kembla_grange_2026-07-16_master.csv,2026-07-15T23:55:53.120091+00:00,2026-07-15T23:56:26.580188+00:00,2026-07-15T23:56:26.580188+00:00,2026-07-15T23:56:26.580188+00:00,kembla_grange_2026-07-16_master.csv,generic,R6,Class 1,3,Yachiyo,Yachiyo,racenet
rid_2c2e3c2044235d9d,Kembla Grange,6,3:10 pm Site Drop Class 1 Handicap,Good,4,Call Me Mojo,4,Tommy Berry,David Pfieffer,3.6,kembla_grange_2026-07-16_master.csv,2026-07-15T23:55:53.120091+00:00,2026-07-15T23:56:26.580188+00:00,2026-07-15T23:56:26.580188+00:00,2026-07-15T23:56:26.580188+00:00,kembla_grange_2026-07-16_master.csv,generic,R6,Class 1,4,Call Me Mojo,Call Me Mojo,racenet
rid_2c104c44ae6286b1,Kembla Grange,6,3:10 pm Site Drop Class 1 Handicap,Good,5,Dynast King,8,Dylan Gibbons,Matthew Vella,,kembla_grange_2026-07-16_master.csv,2026-07-15T23:55:53.120091+00:00,2026-07-15T23:56:26.580188+00:00,2026-07-15T23:56:26.580188+00:00,2026-07-15T23:56:26.580188+00:00,kembla_grange_2026-07-16_master.csv,generic,R6,Class 1,5,Dynast King,Dynast King,racenet
rid_c3570cada581418e,Kembla Grange,6,3:10 pm Site Drop Class 1 Handicap,Good,6,Feazabeel,10,Dylan Gibbons,Annabel & Rob Archibald,,kembla_grange_2026-07-16_master.csv,2026-07-15T23:55:53.120091+00:00,2026-07-15T23:56:26.580188+00:00,2026-07-15T23:56:26.580188+00:00,2026-07-15T23:56:26.580188+00:00,kembla_grange_2026-07-16_master.csv,generic,R6,Class 1,6,Feazabeel,Feazabeel,racenet
rid_80d31308be3dc3d9,Kembla Grange,6,3:10 pm Site Drop Class 1 Handicap,Good,7,Fierceness,6,Grant Buckley,Matthew Smith,6.2,kembla_grange_2026-07-16_master.csv,2026-07-15T23:55:53.120091+00:00,2026-07-15T23:56:26.580188+00:00,2026-07-15T23:56:26.580188+00:00,2026-07-15T23:56:26.580188+00:00,kembla_grange_2026-07-16_master.csv,generic,R6,Class 1,7,Fierceness,Fierceness,racenet
rid_6e31fcac3f3df875,Kembla Grange,6,3:10 pm Site Drop Class 1 Handicap,Good,8,Arizona Loner,11,Chad Schofield,John Thompson,5.3,kembla_grange_2026-07-16_master.csv,2026-07-15T23:55:53.120091+00:00,2026-07-15T23:56:26.580188+00:00,2026-07-15T23:56:26.580188+00:00,2026-07-15T23:56:26.580188+00:00,kembla_grange_2026-07-16_master.csv,generic,R6,Class 1,8,Arizona Loner,Arizona Loner,racenet
rid_78831f67a5761351,Kembla Grange,6,3:10 pm Site Drop Class 1 Handicap,Good,9,Where's My Halo,7,Mitchell Bell,Ron Quinton,7.0,kembla_grange_2026-07-16_master.csv,2026-07-15T23:55:53.120091+00:00,2026-07-15T23:56:26.580188+00:00,2026-07-15T23:56:26.580188+00:00,2026-07-15T23:56:26.580188+00:00,kembla_grange_2026-07-16_master.csv,generic,R6,Class 1,9,Where's My Halo,Where's My Halo,racenet
rid_0b25e9aba9dd44ae,Kembla Grange,6,3:10 pm Site Drop Class 1 Handicap,Good,10,Simply Nutbush,1,Reece Jones,Jarrod Austin,5.9,kembla_grange_2026-07-16_master.csv,2026-07-15T23:55:53.120091+00:00,2026-07-15T23:56:26.580188+00:00,2026-07-15T23:56:26.580188+00:00,2026-07-15T23:56:26.580188+00:00,kembla_grange_2026-07-16_master.csv,generic,R6,Class 1,10,Simply Nutbush,Simply Nutbush,racenet
rid_7e56974727006950,Kembla Grange,6,3:10 pm Site Drop Class 1 Handicap,Good,11,Rita's Pearl,3,Molly Bourke,Paul & Martha Cave,5.2,kembla_grange_2026-07-16_master.csv,2026-07-15T23:55:53.120091+00:00,2026-07-15T23:56:26.580188+00:00,2026-07-15T23:56:26.580188+00:00,2026-07-15T23:56:26.580188+00:00,kembla_grange_2026-07-16_master.csv,generic,R6,Class 1,11,Rita's Pearl,Rita's Pearl,racenet
rid_326e42aeca93f411,Kembla Grange,6,3:10 pm Site Drop Class 1 Handicap,Good,12,Aranese,13,Olivia Chambers (a-2),Amanda Turner,3.9,kembla_grange_2026-07-16_master.csv,2026-07-15T23:55:53.120091+00:00,2026-07-15T23:56:26.580188+00:00,2026-07-15T23:56:26.580188+00:00,2026-07-15T23:56:26.580188+00:00,kembla_grange_2026-07-16_master.csv,generic,R6,Class 1,12,Aranese,Aranese,racenet
rid_d7608a3336ec9fb1,Kembla Grange,6,3:10 pm Site Drop Class 1 Handicap,Good,13,Tod,12,,Mitchell Beer & George Carpenter,,kembla_grange_2026-07-16_master.csv,2026-07-15T23:55:53.120091+00:00,2026-07-15T23:56:26.580188+00:00,2026-07-15T23:56:26.580188+00:00,2026-07-15T23:56:26.580188+00:00,kembla_grange_2026-07-16_master.csv,generic,R6,Class 1,13,Tod,Tod,racenet
rid_ef34c2b22843b274,Kembla Grange,7,3:50 pm Cactus Imaging Benchmark 64 Handicap,Good,1,Century Song,5,Tommy Berry,Robert & Luke Price,6.3,kembla_grange_2026-07-16_master.csv,2026-07-15T23:55:53.120091+00:00,2026-07-15T23:56:26.580188+00:00,2026-07-15T23:56:26.580188+00:00,2026-07-15T23:56:26.580188+00:00,kembla_grange_2026-07-16_master.csv,generic,R7,BM64,1,Century Song,Century Song,racenet
rid_f264c3c436cd6a07,Kembla Grange,7,3:50 pm Cactus Imaging Benchmark 64 Handicap,Good,2,Shalaa Gold,10,Olivia Chambers (a-2),Marc & Mitchell Conners,2.0,kembla_grange_2026-07-16_master.csv,2026-07-15T23:55:53.120091+00:00,2026-07-15T23:56:26.580188+00:00,2026-07-15T23:56:26.580188+00:00,2026-07-15T23:56:26.580188+00:00,kembla_grange_2026-07-16_master.csv,generic,R7,BM64,2,Shalaa Gold,Shalaa Gold,racenet
rid_63219b83ba1f82c6,Kembla Grange,7,3:50 pm Cactus Imaging Benchmark 64 Handicap,Good,3,Fangela,9,Rory Hutchings,Keith Dryden & Libby Snowden,,kembla_grange_2026-07-16_master.csv,2026-07-15T23:55:53.120091+00:00,2026-07-15T23:56:26.580188+00:00,2026-07-15T23:56:26.580188+00:00,2026-07-15T23:56:26.580188+00:00,kembla_grange_2026-07-16_master.csv,generic,R7,BM64,3,Fangela,Fangela,racenet
rid_943a013a897c5ccc,Kembla Grange,7,3:50 pm Cactus Imaging Benchmark 64 Handicap,Good,4,Gambler,6,Rory Hutchings,Peter Snowden,,kembla_grange_2026-07-16_master.csv,2026-07-15T23:55:53.120091+00:00,2026-07-15T23:56:26.580188+00:00,2026-07-15T23:56:26.580188+00:00,2026-07-15T23:56:26.580188+00:00,kembla_grange_2026-07-16_master.csv,generic,R7,BM64,4,Gambler,Gambler,racenet
rid_595157f81e60e098,Kembla Grange,7,3:50 pm Cactus Imaging Benchmark 64 Handicap,Good,5,Heuristic,8,Siena Grima (a-2),Mitchell Beer & George Carpenter,,kembla_grange_2026-07-16_master.csv,2026-07-15T23:55:53.120091+00:00,2026-07-15T23:56:26.580188+00:00,2026-07-15T23:56:26.580188+00:00,2026-07-15T23:56:26.580188+00:00,kembla_grange_2026-07-16_master.csv,generic,R7,BM64,5,Heuristic,Heuristic,racenet
rid_e15e900979ced923,Kembla Grange,7,3:50 pm Cactus Imaging Benchmark 64 Handicap,Good,6,Honey Perfume,12,Siena Grima (a-2),Matthew Smith,,kembla_grange_2026-07-16_master.csv,2026-07-15T23:55:53.120091+00:00,2026-07-15T23:56:26.580188+00:00,2026-07-15T23:56:26.580188+00:00,2026-07-15T23:56:26.580188+00:00,kembla_grange_2026-07-16_master.csv,generic,R7,BM64,6,Honey Perfume,Honey Perfume,racenet
rid_764d3b7d800819e9,Kembla Grange,7,3:50 pm Cactus Imaging Benchmark 64 Handicap,Good,7,Still Alice,3,Jeff Penza,Lee & Cherie Curtis,2.8,kembla_grange_2026-07-16_master.csv,2026-07-15T23:55:53.120091+00:00,2026-07-15T23:56:26.580188+00:00,2026-07-15T23:56:26.580188+00:00,2026-07-15T23:56:26.580188+00:00,kembla_grange_2026-07-16_master.csv,generic,R7,BM64,7,Still Alice,Still Alice,racenet
rid_57b7fab2ec7b8f84,Kembla Grange,7,3:50 pm Cactus Imaging Benchmark 64 Handicap,Good,8,Bode Akuna,1,Jessica Taylor,Jason Coyle,7.3,kembla_grange_2026-07-16_master.csv,2026-07-15T23:55:53.120091+00:00,2026-07-15T23:56:26.580188+00:00,2026-07-15T23:56:26.580188+00:00,2026-07-15T23:56:26.580188+00:00,kembla_grange_2026-07-16_master.csv,generic,R7,BM64,8,Bode Akuna,Bode Akuna,racenet
rid_56730d4585bb5ffa,Kembla Grange,7,3:50 pm Cactus Imaging Benchmark 64 Handicap,Good,9,Vingt Neuf Noir,2,Chad Schofield,John Thompson,7.3,kembla_grange_2026-07-16_master.csv,2026-07-15T23:55:53.120091+00:00,2026-07-15T23:56:26.580188+00:00,2026-07-15T23:56:26.580188+00:00,2026-07-15T23:56:26.580188+00:00,kembla_grange_2026-07-16_master.csv,generic,R7,BM64,9,Vingt Neuf Noir,Vingt Neuf Noir,racenet
rid_99916853c4c8cdb4,Kembla Grange,7,3:50 pm Cactus Imaging Benchmark 64 Handicap,Good,10,Cani Cancan,11,Grant Buckley,Paul Murray,6.3,kembla_grange_2026-07-16_master.csv,2026-07-15T23:55:53.120091+00:00,2026-07-15T23:56:26.580188+00:00,2026-07-15T23:56:26.580188+00:00,2026-07-15T23:56:26.580188+00:00,kembla_grange_2026-07-16_master.csv,generic,R7,BM64,10,Cani Cancan,Cani Cancan,racenet
rid_e966c2b90b97b171,Kembla Grange,7,3:50 pm Cactus Imaging Benchmark 64 Handicap,Good,11,Kool Kade,7,Dylan Gibbons,Mitchell Beer & George Carpenter,2.9,kembla_grange_2026-07-16_master.csv,2026-07-15T23:55:53.120091+00:00,2026-07-15T23:56:26.580188+00:00,2026-07-15T23:56:26.580188+00:00,2026-07-15T23:56:26.580188+00:00,kembla_grange_2026-07-16_master.csv,generic,R7,BM64,11,Kool Kade,Kool Kade,racenet
rid_092ab56f52c405e8,Kembla Grange,7,3:50 pm Cactus Imaging Benchmark 64 Handicap,Good,12,Written Redemption,4,Zac Lloyd,Bryce Heys,,kembla_grange_2026-07-16_master.csv,2026-07-15T23:55:53.120091+00:00,2026-07-15T23:56:26.580188+00:00,2026-07-15T23:56:26.580188+00:00,2026-07-15T23:56:26.580188+00:00,kembla_grange_2026-07-16_master.csv,generic,R7,BM64,12,Written Redemption,Written Redemption,racenet
rid_38e51872ab8009f6,Kembla Grange,8,4:25 pm Hotel Totto Provincial Benchmark 68 Handicap,Good,1,Cryptonic,5,Mitch Stapleford (a-1.5),Jason Attard,5.4,kembla_grange_2026-07-16_master.csv,2026-07-15T23:55:53.120091+00:00,2026-07-15T23:56:26.580188+00:00,2026-07-15T23:56:26.580188+00:00,2026-07-15T23:56:26.580188+00:00,kembla_grange_2026-07-16_master.csv,generic,R8,BM68,1,Cryptonic,Cryptonic,racenet
rid_4faebc1f4636a816,Kembla Grange,8,4:25 pm Hotel Totto Provincial Benchmark 68 Handicap,Good,2,Zaragoza,7,Tommy Berry,Robert & Luke Price,7.9,kembla_grange_2026-07-16_master.csv,2026-07-15T23:55:53.120091+00:00,2026-07-15T23:56:26.580188+00:00,2026-07-15T23:56:26.580188+00:00,2026-07-15T23:56:26.580188+00:00,kembla_grange_2026-07-16_master.csv,generic,R8,BM68,2,Zaragoza,Zaragoza,racenet
rid_c19a9ec15340149d,Kembla Grange,8,4:25 pm Hotel Totto Provincial Benchmark 68 Handicap,Good,3,Heuristic,1,Siena Grima (a-2),Mitchell Beer & George Carpenter,5.5,kembla_grange_2026-07-16_master.csv,2026-07-15T23:55:53.120091+00:00,2026-07-15T23:56:26.580188+00:00,2026-07-15T23:56:26.580188+00:00,2026-07-15T23:56:26.580188+00:00,kembla_grange_2026-07-16_master.csv,generic,R8,BM68,3,Heuristic,Heuristic,racenet
rid_69b3f8f0e898cf26,Kembla Grange,8,4:25 pm Hotel Totto Provincial Benchmark 68 Handicap,Good,4,Let's Go Again,9,Olivia Chambers (a-2),Kerry Parker,4.0,kembla_grange_2026-07-16_master.csv,2026-07-15T23:55:53.120091+00:00,2026-07-15T23:56:26.580188+00:00,2026-07-15T23:56:26.580188+00:00,2026-07-15T23:56:26.580188+00:00,kembla_grange_2026-07-16_master.csv,generic,R8,BM68,4,Let's Go Again,Let's Go Again,racenet
rid_95893f809ed5112e,Kembla Grange,8,4:25 pm Hotel Totto Provincial Benchmark 68 Handicap,Good,5,Equilibrist,10,Andrew Adkins,Kerry Parker,7.6,kembla_grange_2026-07-16_master.csv,2026-07-15T23:55:53.120091+00:00,2026-07-15T23:56:26.580188+00:00,2026-07-15T23:56:26.580188+00:00,2026-07-15T23:56:26.580188+00:00,kembla_grange_2026-07-16_master.csv,generic,R8,BM68,5,Equilibrist,Equilibrist,racenet
rid_e7a6402e9e9d2813,Kembla Grange,8,4:25 pm Hotel Totto Provincial Benchmark 68 Handicap,Good,6,Donwon,6,Brock Ryan,Ross McConville,4.5,kembla_grange_2026-07-16_master.csv,2026-07-15T23:55:53.120091+00:00,2026-07-15T23:56:26.580188+00:00,2026-07-15T23:56:26.580188+00:00,2026-07-15T23:56:26.580188+00:00,kembla_grange_2026-07-16_master.csv,generic,R8,BM68,6,Donwon,Donwon,racenet
rid_f57e7b905e99476f,Kembla Grange,8,4:25 pm Hotel Totto Provincial Benchmark 68 Handicap,Good,7,Benamera,2,Chad Schofield (a0.5),Stephen O'Halloran,5.3,kembla_grange_2026-07-16_master.csv,2026-07-15T23:55:53.120091+00:00,2026-07-15T23:56:26.580188+00:00,2026-07-15T23:56:26.580188+00:00,2026-07-15T23:56:26.580188+00:00,kembla_grange_2026-07-16_master.csv,generic,R8,BM68,7,Benamera,Benamera,racenet
rid_54d0fb8c2fc82a54,Kembla Grange,8,4:25 pm Hotel Totto Provincial Benchmark 68 Handicap,Good,8,River Pat,8,Jay Ford,Kim Waugh,,kembla_grange_2026-07-16_master.csv,2026-07-15T23:55:53.120091+00:00,2026-07-15T23:56:26.580188+00:00,2026-07-15T23:56:26.580188+00:00,2026-07-15T23:56:26.580188+00:00,kembla_grange_2026-07-16_master.csv,generic,R8,BM68,8,River Pat,River Pat,racenet
rid_f58c998704e6df34,Kembla Grange,8,4:25 pm Hotel Totto Provincial Benchmark 68 Handicap,Good,9,Listins Lass,3,Reece Jones,John Cooper,6.4,kembla_grange_2026-07-16_master.csv,2026-07-15T23:55:53.120091+00:00,2026-07-15T23:56:26.580188+00:00,2026-07-15T23:56:26.580188+00:00,2026-07-15T23:56:26.580188+00:00,kembla_grange_2026-07-16_master.csv,generic,R8,BM68,9,Listins Lass,Listins Lass,racenet
rid_f657454bf744449c,Kembla Grange,8,4:25 pm Hotel Totto Provincial Benchmark 68 Handicap,Good,10,Vis I,4,Louise Day,Anthony Mountney,7.2,kembla_grange_2026-07-16_master.csv,2026-07-15T23:55:53.120091+00:00,2026-07-15T23:56:26.580188+00:00,2026-07-15T23:56:26.580188+00:00,2026-07-15T23:56:26.580188+00:00,kembla_grange_2026-07-16_master.csv,generic,R8,BM68,10,Vis I,Vis I,racenet
rid_57c3f38e34f29f61,Kembla Grange,8,4:25 pm Hotel Totto Provincial Benchmark 68 Handicap,Good,11,Li'l Grug,11,Grant Buckley,Diane Poidevin Laine,3.8,kembla_grange_2026-07-16_master.csv,2026-07-15T23:55:53.120091+00:00,2026-07-15T23:56:26.580188+00:00,2026-07-15T23:56:26.580188+00:00,2026-07-15T23:56:26.580188+00:00,kembla_grange_2026-07-16_master.csv,generic,R8,BM68,11,Li'l Grug,Li'l Grug,racenet
